drug_name,fact_type,extraction_method,condition,severity,frequency,interactant,clinical_effect,management
amlodipine,INTERACTION,LLM_FALLBACK,,MODERATE,,Sildenafil,Hypotension,Monitor for hypotension
amlodipine,INTERACTION,LLM_FALLBACK,,MODERATE,,Tacrolimus,Amlodipine may increase the systemic exposure of tacrolimus,Frequent monitoring of trough blood levels of tacrolimus is recommended and adjust the dose when appropriate
amlodipine,INTERACTION,LLM_FALLBACK,,MODERATE,,Simvastatin,Increases the systemic exposure of simvastatin,Limit the dose of simvastatin in patients on amlodipine to 20 mg daily
amlodipine,INTERACTION,LLM_FALLBACK,,MODERATE,,CYP3A inhibitors (moderate and strong),Increased systemic exposure to amlodipine,"Monitor for symptoms of hypotension and edema, may require dose reduction"
amlodipine,INTERACTION,LLM_FALLBACK,,MODERATE,,Cyclosporine,Amlodipine may increase the systemic exposure of cyclosporine,Frequent monitoring of trough blood levels of cyclosporine is recommended and adjust the dose when appropriate
amlodipine,INTERACTION,LLM_FALLBACK,,MODERATE,,CYP3A inducers,Unknown quantitative effects on amlodipine,Blood pressure should be closely monitored
amlodipine,SAFETY_SIGNAL,LLM_FALLBACK,Rigors,MEDIUM,<1% but >0.1%,,,
amlodipine,SAFETY_SIGNAL,LLM_FALLBACK,Rash,MEDIUM,<1% but >0.1%,,,
amlodipine,SAFETY_SIGNAL,LLM_FALLBACK,Pruritus,MEDIUM,<1% but >0.1%,,,
amlodipine,SAFETY_SIGNAL,LLM_FALLBACK,Erythema multiforme,HIGH,<1% but >0.1%,,,
amlodipine,SAFETY_SIGNAL,LLM_FALLBACK,Angioedema,HIGH,<1% but >0.1%,,,
amlodipine,SAFETY_SIGNAL,LLM_FALLBACK,Epistaxis,MEDIUM,<1% but >0.1%,,,
amlodipine,SAFETY_SIGNAL,LLM_FALLBACK,Weight increased,MEDIUM,<1% but >0.1%,,,
amlodipine,SAFETY_SIGNAL,LLM_FALLBACK,Weight decreased,MEDIUM,<1% but >0.1%,,,
amlodipine,SAFETY_SIGNAL,LLM_FALLBACK,Arthralgia,MEDIUM,<1% but >0.1%,,,
amlodipine,SAFETY_SIGNAL,LLM_FALLBACK,Arthrosis,MEDIUM,<1% but >0.1%,,,
amlodipine,SAFETY_SIGNAL,LLM_FALLBACK,Dyspnoea,MEDIUM,<1% but >0.1%,,,
amlodipine,SAFETY_SIGNAL,LLM_FALLBACK,Depersonalisation,MEDIUM,<1% but >0.1%,,,
amlodipine,SAFETY_SIGNAL,LLM_FALLBACK,Anxiety,MEDIUM,<1% but >0.1%,,,
amlodipine,SAFETY_SIGNAL,LLM_FALLBACK,Muscle cramps,MEDIUM,<1% but >0.1%,,,
amlodipine,SAFETY_SIGNAL,LLM_FALLBACK,Myalgia,MEDIUM,<1% but >0.1%,,,
amlodipine,SAFETY_SIGNAL,LLM_FALLBACK,Vision blurred,MEDIUM,<1% but >0.1%,,,
amlodipine,SAFETY_SIGNAL,LLM_FALLBACK,Insomnia,MEDIUM,<1% but >0.1%,,,
amlodipine,SAFETY_SIGNAL,LLM_FALLBACK,Abnormal dreams,MEDIUM,<1% but >0.1%,,,
amlodipine,SAFETY_SIGNAL,LLM_FALLBACK,Depression,MEDIUM,<1% but >0.1%,,,
amlodipine,SAFETY_SIGNAL,LLM_FALLBACK,Nervousness,MEDIUM,<1% but >0.1%,,,
amlodipine,SAFETY_SIGNAL,LLM_FALLBACK,Sexual dysfunction,MEDIUM,<1% but >0.1%,,,
amlodipine,SAFETY_SIGNAL,LLM_FALLBACK,Rash maculopapular,MEDIUM,<1% but >0.1%,,,
amlodipine,SAFETY_SIGNAL,LLM_FALLBACK,Rash erythematous,MEDIUM,<1% but >0.1%,,,
amlodipine,SAFETY_SIGNAL,LLM_FALLBACK,Hot flush,MEDIUM,<1% but >0.1%,,,
amlodipine,SAFETY_SIGNAL,LLM_FALLBACK,Malaise,MEDIUM,<1% but >0.1%,,,
amlodipine,SAFETY_SIGNAL,LLM_FALLBACK,Pain,MEDIUM,<1% but >0.1%,,,
amlodipine,SAFETY_SIGNAL,LLM_FALLBACK,Nausea,MEDIUM,2.9%,,,
amlodipine,SAFETY_SIGNAL,LLM_FALLBACK,Palpitations,MEDIUM,0.7-4.5%,,,
amlodipine,SAFETY_SIGNAL,LLM_FALLBACK,Fatigue,MEDIUM,4.5%,,,
amlodipine,SAFETY_SIGNAL,LLM_FALLBACK,Edema,MEDIUM,1.8-10.8%,,,
amlodipine,SAFETY_SIGNAL,LLM_FALLBACK,Dizziness,MEDIUM,1.1-3.4%,,,
amlodipine,SAFETY_SIGNAL,LLM_FALLBACK,Flushing,MEDIUM,0.7-2.6%,,,
amlodipine,SAFETY_SIGNAL,LLM_FALLBACK,Extrapyramidal disorder,MEDIUM,,,,
amlodipine,SAFETY_SIGNAL,LLM_FALLBACK,Hepatic enzyme increased,HIGH,,,,
amlodipine,SAFETY_SIGNAL,LLM_FALLBACK,Abdominal pain,MEDIUM,1.6%,,,
amlodipine,SAFETY_SIGNAL,LLM_FALLBACK,Somnolence,MEDIUM,1.4%,,,
amlodipine,SAFETY_SIGNAL,LLM_FALLBACK,Arrhythmia,MEDIUM,<1% but >0.1%,,,
amlodipine,SAFETY_SIGNAL,LLM_FALLBACK,Bradycardia,MEDIUM,<1% but >0.1%,,,
amlodipine,SAFETY_SIGNAL,LLM_FALLBACK,Jaundice,HIGH,,,,
amlodipine,SAFETY_SIGNAL,LLM_FALLBACK,Gynecomastia,MEDIUM,infrequently,,,
amlodipine,SAFETY_SIGNAL,LLM_FALLBACK,Peripheral edema,MEDIUM,most common,,,
amlodipine,SAFETY_SIGNAL,LLM_FALLBACK,Thrombocytopenia,MEDIUM,<1% but >0.1%,,,
amlodipine,SAFETY_SIGNAL,LLM_FALLBACK,Chest pain,MEDIUM,<1% but >0.1%,,,
amlodipine,SAFETY_SIGNAL,LLM_FALLBACK,Syncope,MEDIUM,<1% but >0.1%,,,
amlodipine,SAFETY_SIGNAL,LLM_FALLBACK,Tachycardia,MEDIUM,<1% but >0.1%,,,
amlodipine,SAFETY_SIGNAL,LLM_FALLBACK,Vasculitis,MEDIUM,<1% but >0.1%,,,
amlodipine,SAFETY_SIGNAL,LLM_FALLBACK,Purpura,MEDIUM,<1% but >0.1%,,,
amlodipine,SAFETY_SIGNAL,LLM_FALLBACK,Leukopenia,MEDIUM,<1% but >0.1%,,,
amlodipine,SAFETY_SIGNAL,LLM_FALLBACK,Thirst,MEDIUM,<1% but >0.1%,,,
amlodipine,SAFETY_SIGNAL,LLM_FALLBACK,Hypoesthesia,MEDIUM,<1% but >0.1%,,,
amlodipine,SAFETY_SIGNAL,LLM_FALLBACK,Neuropathy peripheral,MEDIUM,<1% but >0.1%,,,
amlodipine,SAFETY_SIGNAL,LLM_FALLBACK,Paraesthesia,MEDIUM,<1% but >0.1%,,,
amlodipine,SAFETY_SIGNAL,LLM_FALLBACK,Tremor,MEDIUM,<1% but >0.1%,,,
amlodipine,SAFETY_SIGNAL,LLM_FALLBACK,Hyperglycaemia,MEDIUM,<1% but >0.1%,,,
amlodipine,SAFETY_SIGNAL,LLM_FALLBACK,Sweating increased,MEDIUM,<1% but >0.1%,,,
amlodipine,SAFETY_SIGNAL,LLM_FALLBACK,Dry mouth,MEDIUM,<1% but >0.1%,,,
amlodipine,SAFETY_SIGNAL,LLM_FALLBACK,Vertigo,MEDIUM,<1% but >0.1%,,,
amlodipine,SAFETY_SIGNAL,LLM_FALLBACK,Anorexia,MEDIUM,<1% but >0.1%,,,
amlodipine,SAFETY_SIGNAL,LLM_FALLBACK,Constipation,MEDIUM,<1% but >0.1%,,,
amlodipine,SAFETY_SIGNAL,LLM_FALLBACK,Dysphagia,MEDIUM,<1% but >0.1%,,,
amlodipine,SAFETY_SIGNAL,LLM_FALLBACK,Nocturia,MEDIUM,<1% but >0.1%,,,
amlodipine,SAFETY_SIGNAL,LLM_FALLBACK,Micturition disorder,MEDIUM,<1% but >0.1%,,,
amlodipine,SAFETY_SIGNAL,LLM_FALLBACK,Micturition frequency,MEDIUM,<1% but >0.1%,,,
amlodipine,SAFETY_SIGNAL,LLM_FALLBACK,Diarrhoea,MEDIUM,<1% but >0.1%,,,
amlodipine,SAFETY_SIGNAL,LLM_FALLBACK,Flatulence,MEDIUM,<1% but >0.1%,,,
amlodipine,SAFETY_SIGNAL,LLM_FALLBACK,Pancreatitis,HIGH,<1% but >0.1%,,,
amlodipine,SAFETY_SIGNAL,LLM_FALLBACK,Vomiting,MEDIUM,<1% but >0.1%,,,
amlodipine,SAFETY_SIGNAL,LLM_FALLBACK,Tinnitus,MEDIUM,<1% but >0.1%,,,
amlodipine,SAFETY_SIGNAL,LLM_FALLBACK,Eye pain,MEDIUM,<1% but >0.1%,,,
amlodipine,SAFETY_SIGNAL,LLM_FALLBACK,Diplopia,MEDIUM,<1% but >0.1%,,,
amlodipine,SAFETY_SIGNAL,LLM_FALLBACK,Conjunctivitis,MEDIUM,<1% but >0.1%,,,
amlodipine,SAFETY_SIGNAL,LLM_FALLBACK,Gingival hyperplasia,MEDIUM,<1% but >0.1%,,,
amlodipine,SAFETY_SIGNAL,LLM_FALLBACK,Allergic reaction,MEDIUM,<1% but >0.1%,,,
amlodipine,SAFETY_SIGNAL,LLM_FALLBACK,Asthenia,MEDIUM,<1% but >0.1%,,,
amlodipine,SAFETY_SIGNAL,LLM_FALLBACK,Back pain,MEDIUM,<1% but >0.1%,,,
amlodipine,SAFETY_SIGNAL,STRUCTURED_PARSE,Edema,MEDIUM,,,,
amlodipine,SAFETY_SIGNAL,STRUCTURED_PARSE,Nausea,MEDIUM,,,,
amlodipine,SAFETY_SIGNAL,STRUCTURED_PARSE,Palpitations,MEDIUM,,,,
amlodipine,SAFETY_SIGNAL,STRUCTURED_PARSE,Abdominal Pain,MEDIUM,,,,
amlodipine,SAFETY_SIGNAL,STRUCTURED_PARSE,Dizziness,MEDIUM,,,,
amlodipine,SAFETY_SIGNAL,STRUCTURED_PARSE,Fatigue,MEDIUM,,,,
amlodipine,SAFETY_SIGNAL,STRUCTURED_PARSE,Palpitation,MEDIUM,,,,
amlodipine,SAFETY_SIGNAL,STRUCTURED_PARSE,Flushing,MEDIUM,,,,
amlodipine,SAFETY_SIGNAL,STRUCTURED_PARSE,Somnolence,MEDIUM,,,,
amlodipine,SAFETY_SIGNAL,STRUCTURED_PARSE,Coronary Revascularization,MEDIUM,,,,
atorvastatin,INTERACTION,LLM_FALLBACK,,MODERATE,,Colchicine,"Cases of myopathy, including rhabdomyolysis",Exercise caution when prescribing
atorvastatin,INTERACTION,LLM_FALLBACK,,SEVERE,,Niacin (lipid-modifying doses),Increased risk of myopathy,Not specified
atorvastatin,INTERACTION,LLM_FALLBACK,,SEVERE,,Cyclosporine,Significantly increased atorvastatin AUC and bioavailability,Avoid co-administration
atorvastatin,INTERACTION,LLM_FALLBACK,,MODERATE,,Clarithromycin,Significantly increased atorvastatin AUC,Caution when atorvastatin dose exceeds 20 mg
atorvastatin,INTERACTION,LLM_FALLBACK,,MODERATE,,Other Fibrates,Increased risk of myopathy,Administer with caution
atorvastatin,INTERACTION,LLM_FALLBACK,,SEVERE,,HIV protease inhibitors,Significantly increased atorvastatin AUC,"Varies by specific inhibitor - avoid tipranavir plus ritonavir, dose limits for others"
atorvastatin,INTERACTION,LLM_FALLBACK,,MODERATE,,Digoxin,Increased steady state plasma digoxin concentrations by approximately 20%,Monitor patients appropriately
atorvastatin,INTERACTION,LLM_FALLBACK,,SEVERE,,Gemfibrozil,Increased risk of myopathy/rhabdomyolysis,Avoid concomitant administration
atorvastatin,INTERACTION,LLM_FALLBACK,,SEVERE,,Fibric acid derivatives,Increased risk of myopathy,Not specified
atorvastatin,INTERACTION,LLM_FALLBACK,,MODERATE,,Rifampin,Variable reductions in plasma concentrations of atorvastatin,Simultaneous co-administration recommended
atorvastatin,INTERACTION,LLM_FALLBACK,,MODERATE,,CYP3A4 inducers,Variable reductions in plasma concentrations of atorvastatin,Not specified
atorvastatin,INTERACTION,LLM_FALLBACK,,MODERATE,,Niacin,Enhanced risk of skeletal muscle effects,Consider reduction in atorvastatin dosage
atorvastatin,INTERACTION,LLM_FALLBACK,,MILD,,Grapefruit Juice,Increased plasma concentrations of atorvastatin,Not specified
atorvastatin,INTERACTION,LLM_FALLBACK,,MODERATE,,Itraconazole,Significantly increased atorvastatin AUC,Caution when atorvastatin dose exceeds 20 mg
atorvastatin,INTERACTION,LLM_FALLBACK,,SEVERE,,Strong CYP 3A4 inhibitors,Increased risk of myopathy and increased plasma concentrations of atorvastatin,Not specified
atorvastatin,INTERACTION,LLM_FALLBACK,,SEVERE,,Telaprevir,Significantly increased atorvastatin AUC,Avoid concomitant use
atorvastatin,INTERACTION,LLM_FALLBACK,,MILD,,Oral Contraceptives,Increased AUC values for norethindrone and ethinyl estradiol,Consider when selecting oral contraceptive
atorvastatin,SAFETY_SIGNAL,LLM_FALLBACK,Pain in extremity,MEDIUM,6.0%,,,
atorvastatin,SAFETY_SIGNAL,LLM_FALLBACK,Urinary tract infection,MEDIUM,5.7%,,,
atorvastatin,SAFETY_SIGNAL,LLM_FALLBACK,Myalgia,MEDIUM,0.7%,,,
atorvastatin,SAFETY_SIGNAL,LLM_FALLBACK,Dyspepsia,MEDIUM,4.7%,,,
atorvastatin,SAFETY_SIGNAL,LLM_FALLBACK,Muscle spasms,MEDIUM,3.6%,,,
atorvastatin,SAFETY_SIGNAL,LLM_FALLBACK,Pharyngolaryngeal pain,MEDIUM,2.3%,,,
atorvastatin,SAFETY_SIGNAL,LLM_FALLBACK,Insomnia,MEDIUM,3.0%,,,
atorvastatin,SAFETY_SIGNAL,LLM_FALLBACK,Tinnitus,MEDIUM,,,,
atorvastatin,SAFETY_SIGNAL,LLM_FALLBACK,Diabetes mellitus,HIGH,6.1%,,,
atorvastatin,SAFETY_SIGNAL,LLM_FALLBACK,Anaphylaxis,CRITICAL,,,,
atorvastatin,SAFETY_SIGNAL,LLM_FALLBACK,Angioedema,HIGH,,,,
atorvastatin,SAFETY_SIGNAL,LLM_FALLBACK,Erythema multiforme,HIGH,,,,
atorvastatin,SAFETY_SIGNAL,LLM_FALLBACK,Stevens-Johnson syndrome,HIGH,,,,
atorvastatin,SAFETY_SIGNAL,LLM_FALLBACK,Toxic epidermal necrolysis,CRITICAL,,,,
atorvastatin,SAFETY_SIGNAL,LLM_FALLBACK,Rhabdomyolysis,CRITICAL,,,,
atorvastatin,SAFETY_SIGNAL,LLM_FALLBACK,Myositis,HIGH,,,,
atorvastatin,SAFETY_SIGNAL,LLM_FALLBACK,Fatigue,MEDIUM,,,,
atorvastatin,SAFETY_SIGNAL,LLM_FALLBACK,Tendon rupture,HIGH,,,,
atorvastatin,SAFETY_SIGNAL,LLM_FALLBACK,Hepatic failure,CRITICAL,,,,
atorvastatin,SAFETY_SIGNAL,LLM_FALLBACK,Dizziness,MEDIUM,,,,
atorvastatin,SAFETY_SIGNAL,LLM_FALLBACK,Depression,MEDIUM,,,,
atorvastatin,SAFETY_SIGNAL,LLM_FALLBACK,Peripheral neuropathy,MEDIUM,,,,
atorvastatin,SAFETY_SIGNAL,LLM_FALLBACK,Pancreatitis,HIGH,,,,
atorvastatin,SAFETY_SIGNAL,LLM_FALLBACK,Interstitial lung disease,HIGH,,,,
atorvastatin,SAFETY_SIGNAL,LLM_FALLBACK,Memory loss,MEDIUM,,,,
atorvastatin,SAFETY_SIGNAL,LLM_FALLBACK,Forgetfulness,MEDIUM,,,,
atorvastatin,SAFETY_SIGNAL,LLM_FALLBACK,Amnesia,MEDIUM,,,,
atorvastatin,SAFETY_SIGNAL,LLM_FALLBACK,Memory impairment,MEDIUM,,,,
atorvastatin,SAFETY_SIGNAL,LLM_FALLBACK,Confusional state,MEDIUM,,,,
atorvastatin,SAFETY_SIGNAL,LLM_FALLBACK,Nausea,MEDIUM,0.4%,,,
atorvastatin,SAFETY_SIGNAL,LLM_FALLBACK,Diarrhoea,MEDIUM,0.5%,,,
atorvastatin,SAFETY_SIGNAL,LLM_FALLBACK,Nasopharyngitis,MEDIUM,8.3%,,,
atorvastatin,SAFETY_SIGNAL,LLM_FALLBACK,Arthralgia,MEDIUM,6.9%,,,
atorvastatin,SAFETY_SIGNAL,LLM_FALLBACK,Malaise,MEDIUM,,,,
atorvastatin,SAFETY_SIGNAL,LLM_FALLBACK,Pyrexia,MEDIUM,,,,
atorvastatin,SAFETY_SIGNAL,LLM_FALLBACK,Abdominal discomfort,MEDIUM,,,,
atorvastatin,SAFETY_SIGNAL,LLM_FALLBACK,Eructation,MEDIUM,,,,
atorvastatin,SAFETY_SIGNAL,LLM_FALLBACK,Flatulence,MEDIUM,,,,
atorvastatin,SAFETY_SIGNAL,LLM_FALLBACK,Hepatitis,HIGH,,,,
atorvastatin,SAFETY_SIGNAL,LLM_FALLBACK,Cholestasis,HIGH,,,,
atorvastatin,SAFETY_SIGNAL,LLM_FALLBACK,Musculoskeletal pain,MEDIUM,,,,
atorvastatin,SAFETY_SIGNAL,LLM_FALLBACK,Muscle fatigue,MEDIUM,,,,
atorvastatin,SAFETY_SIGNAL,LLM_FALLBACK,Neck pain,MEDIUM,,,,
atorvastatin,SAFETY_SIGNAL,LLM_FALLBACK,Joint swelling,MEDIUM,,,,
atorvastatin,SAFETY_SIGNAL,LLM_FALLBACK,Hyperglycaemia,MEDIUM,,,,
atorvastatin,SAFETY_SIGNAL,LLM_FALLBACK,Nightmare,MEDIUM,,,,
atorvastatin,SAFETY_SIGNAL,LLM_FALLBACK,Epistaxis,MEDIUM,,,,
atorvastatin,SAFETY_SIGNAL,LLM_FALLBACK,Urticaria,MEDIUM,,,,
atorvastatin,SAFETY_SIGNAL,LLM_FALLBACK,Vision blurred,MEDIUM,,,,
atorvastatin,SAFETY_SIGNAL,STRUCTURED_PARSE,Urinary tract infection,MEDIUM,,,,
atorvastatin,SAFETY_SIGNAL,STRUCTURED_PARSE,Muscle Spasms,MEDIUM,,,,
atorvastatin,SAFETY_SIGNAL,STRUCTURED_PARSE,Myalgia,MEDIUM,,,,
atorvastatin,SAFETY_SIGNAL,STRUCTURED_PARSE,Insomnia,MEDIUM,,,,
atorvastatin,SAFETY_SIGNAL,STRUCTURED_PARSE,Pharyngolaryngeal pain,MEDIUM,,,,
atorvastatin,SAFETY_SIGNAL,STRUCTURED_PARSE,Pain in extremity,MEDIUM,,,,
atorvastatin,SAFETY_SIGNAL,STRUCTURED_PARSE,Diarrhea,MEDIUM,,,,
atorvastatin,SAFETY_SIGNAL,STRUCTURED_PARSE,"Canada, M9L 1T9",MEDIUM,,,,
atorvastatin,SAFETY_SIGNAL,STRUCTURED_PARSE,Apotex Inc,MEDIUM,,,,
atorvastatin,SAFETY_SIGNAL,STRUCTURED_PARSE,Musculoskeletal pain,MEDIUM,,,,
atorvastatin,SAFETY_SIGNAL,STRUCTURED_PARSE,Nausea,MEDIUM,,,,
atorvastatin,SAFETY_SIGNAL,STRUCTURED_PARSE,Adverse Reaction,MEDIUM,,,,
atorvastatin,SAFETY_SIGNAL,STRUCTURED_PARSE,Dyspepsia,MEDIUM,,,,
atorvastatin,SAFETY_SIGNAL,STRUCTURED_PARSE,Manufactured By,MEDIUM,,,,
atorvastatin,SAFETY_SIGNAL,STRUCTURED_PARSE,Arthralgia,MEDIUM,,,,
atorvastatin,SAFETY_SIGNAL,STRUCTURED_PARSE,Nasopharyngitis,MEDIUM,,,,
atorvastatin,SAFETY_SIGNAL,STRUCTURED_PARSE,"Toronto, Ontario",MEDIUM,,,,
carvedilol,INTERACTION,LLM_FALLBACK,,MODERATE,,Quinidine,Increased blood levels of the R(+) enantiomer of carvedilol,Not specified
carvedilol,INTERACTION,LLM_FALLBACK,,MODERATE,,Trichloroethylene,Not specified,Particular care should be taken when used perioperatively
carvedilol,INTERACTION,LLM_FALLBACK,,MODERATE,,Cyclopropane,Not specified,Particular care should be taken when used perioperatively
carvedilol,INTERACTION,LLM_FALLBACK,,MODERATE,,Ether,Not specified,Particular care should be taken when used perioperatively
carvedilol,INTERACTION,LLM_FALLBACK,,MODERATE,,Anesthetic agents that depress myocardial function,Not specified,Particular care should be taken when used perioperatively
carvedilol,INTERACTION,LLM_FALLBACK,,MODERATE,,Oral hypoglycemics,Enhanced blood-sugar-reducing effect,Regular monitoring of blood glucose is recommended
carvedilol,INTERACTION,LLM_FALLBACK,,MODERATE,,Calcium channel blockers of the verapamil type,Not specified,Monitor ECG and blood pressure
carvedilol,INTERACTION,LLM_FALLBACK,,SEVERE,,Diltiazem,Conduction disturbance (rarely with hemodynamic compromise),Monitor ECG and blood pressure
carvedilol,INTERACTION,LLM_FALLBACK,,SEVERE,,Fluconazole,"Enhanced β-blocking activity, further slowing of the heart rate or cardiac conduction","Patients should be observed for signs of bradycardia or heart block, particularly when one agent is added to pre-existing treatment with the other"
carvedilol,INTERACTION,LLM_FALLBACK,,SEVERE,,CYP2C9 inhibitors,"Enhanced β-blocking activity, further slowing of the heart rate or cardiac conduction","Patients should be observed for signs of bradycardia or heart block, particularly when one agent is added to pre-existing treatment with the other"
carvedilol,INTERACTION,LLM_FALLBACK,,SEVERE,,Amiodarone,"Increased concentrations of the S(-)-enantiomer of carvedilol by at least 2 fold, enhanced β-blocking activity, further slowing of the heart rate or cardiac conduction","Patients should be observed for signs of bradycardia or heart block, particularly when one agent is added to pre-existing treatment with the other"
carvedilol,INTERACTION,LLM_FALLBACK,,MODERATE,,Cimetidine,Increased AUC by about 30% but caused no change in Cmax,Not specified
carvedilol,INTERACTION,LLM_FALLBACK,,SEVERE,,Rifampin,Reduced plasma concentrations of carvedilol by about 70%,Not specified
carvedilol,INTERACTION,LLM_FALLBACK,,MODERATE,,Digoxin,Digoxin concentrations are increased by about 15%,"Increased monitoring of digoxin is recommended when initiating, adjusting, or discontinuing carvedilol tablets"
carvedilol,INTERACTION,LLM_FALLBACK,,MODERATE,,Insulin,Enhanced blood-sugar-reducing effect,Regular monitoring of blood glucose is recommended
carvedilol,INTERACTION,LLM_FALLBACK,,MODERATE,,Verapamil,Not specified,Monitor ECG and blood pressure
carvedilol,INTERACTION,LLM_FALLBACK,,MODERATE,,Digitalis Glycosides,Increased risk of bradycardia,Not specified
carvedilol,INTERACTION,LLM_FALLBACK,,MODERATE,,Cyclosporine,Modest increases in mean trough cyclosporine concentrations,Monitor cyclosporine concentrations closely after initiation of carvedilol therapy and adjust the dose of cyclosporine as appropriate
carvedilol,INTERACTION,LLM_FALLBACK,,SEVERE,,Clonidine,Hypotension and bradycardia,"When concomitant treatment is to be terminated, the β-blocker should be discontinued first. Clonidine therapy can then be discontinued several days later by gradually decreasing the dosage"
carvedilol,INTERACTION,LLM_FALLBACK,,SEVERE,,Monoamine oxidase inhibitors,Signs of hypotension and/or severe bradycardia,Observe closely for signs of hypotension and/or severe bradycardia
carvedilol,INTERACTION,LLM_FALLBACK,,SEVERE,,Reserpine,Signs of hypotension and/or severe bradycardia,Observe closely for signs of hypotension and/or severe bradycardia
carvedilol,INTERACTION,LLM_FALLBACK,,SEVERE,,Catecholamine-depleting drugs,Signs of hypotension and/or severe bradycardia,Observe closely for signs of hypotension and/or severe bradycardia
carvedilol,INTERACTION,LLM_FALLBACK,,MODERATE,,Propafenone,Increased blood levels of the R(+) enantiomer of carvedilol,Not specified
carvedilol,INTERACTION,LLM_FALLBACK,,MODERATE,,Paroxetine,Increased blood levels of the R(+) enantiomer of carvedilol,Not specified
carvedilol,INTERACTION,LLM_FALLBACK,,MODERATE,,Fluoxetine,Increased blood levels of the R(+) enantiomer of carvedilol,Not specified
carvedilol,INTERACTION,LLM_FALLBACK,,MODERATE,,CYP2D6 Inhibitors,Increased blood levels of the R(+) enantiomer of carvedilol,Not specified
carvedilol,SAFETY_SIGNAL,LLM_FALLBACK,Hyperglycaemia,MEDIUM,12%,,,
carvedilol,SAFETY_SIGNAL,LLM_FALLBACK,Asthenia,MEDIUM,7%,,,
carvedilol,SAFETY_SIGNAL,LLM_FALLBACK,Lung oedema,HIGH,>3%,,,
carvedilol,SAFETY_SIGNAL,LLM_FALLBACK,Dizziness,MEDIUM,"1.3% on carvedilol, 0.6% on placebo",,,
carvedilol,SAFETY_SIGNAL,LLM_FALLBACK,Anaemia,MEDIUM,>3%,,,
carvedilol,SAFETY_SIGNAL,LLM_FALLBACK,Dyspnoea,MEDIUM,>3%,,,
carvedilol,SAFETY_SIGNAL,LLM_FALLBACK,Haematuria,MEDIUM,>1% to ≤3%,,,
carvedilol,SAFETY_SIGNAL,LLM_FALLBACK,Albuminuria,MEDIUM,>1% to ≤3%,,,
carvedilol,SAFETY_SIGNAL,LLM_FALLBACK,Renal impairment,HIGH,>1% to ≤3%,,,
carvedilol,SAFETY_SIGNAL,LLM_FALLBACK,Blurred vision,MEDIUM,>1% to ≤3%,,,
carvedilol,SAFETY_SIGNAL,LLM_FALLBACK,Impotence,MEDIUM,>1% to ≤3%,,,
carvedilol,SAFETY_SIGNAL,LLM_FALLBACK,Somnolence,MEDIUM,>1% to ≤3%,,,
carvedilol,SAFETY_SIGNAL,LLM_FALLBACK,Thrombocytopenia,MEDIUM,>1% to ≤3%,,,
carvedilol,SAFETY_SIGNAL,LLM_FALLBACK,Purpura,MEDIUM,>1% to ≤3%,,,
carvedilol,SAFETY_SIGNAL,LLM_FALLBACK,Muscle spasms,MEDIUM,>1% to ≤3%,,,
carvedilol,SAFETY_SIGNAL,LLM_FALLBACK,Hyperkalemia,MEDIUM,>1% to ≤3%,,,
carvedilol,SAFETY_SIGNAL,LLM_FALLBACK,Weight decreased,MEDIUM,>1% to ≤3%,,,
carvedilol,SAFETY_SIGNAL,LLM_FALLBACK,Leg oedema,MEDIUM,>1% to ≤3%,,,
carvedilol,SAFETY_SIGNAL,LLM_FALLBACK,Diabetes mellitus,MEDIUM,>1% to ≤3%,,,
carvedilol,SAFETY_SIGNAL,LLM_FALLBACK,Hypervolaemia,MEDIUM,>1% to ≤3%,,,
carvedilol,SAFETY_SIGNAL,LLM_FALLBACK,Glycosuria,MEDIUM,>1% to ≤3%,,,
carvedilol,SAFETY_SIGNAL,LLM_FALLBACK,Hyponatraemia,MEDIUM,>1% to ≤3%,,,
carvedilol,SAFETY_SIGNAL,LLM_FALLBACK,Hypoglycaemia,MEDIUM,>1% to ≤3%,,,
carvedilol,SAFETY_SIGNAL,LLM_FALLBACK,Hyperuricaemia,MEDIUM,>1% to ≤3%,,,
carvedilol,SAFETY_SIGNAL,LLM_FALLBACK,Periodontitis,MEDIUM,>1% to ≤3%,,,
carvedilol,SAFETY_SIGNAL,LLM_FALLBACK,Melaena,HIGH,>1% to ≤3%,,,
carvedilol,SAFETY_SIGNAL,LLM_FALLBACK,Paraesthesia,MEDIUM,>1% to ≤3%,,,
carvedilol,SAFETY_SIGNAL,LLM_FALLBACK,Vertigo,MEDIUM,>1% to ≤3%,,,
carvedilol,SAFETY_SIGNAL,LLM_FALLBACK,Hypoesthesia,MEDIUM,>1% to ≤3%,,,
carvedilol,SAFETY_SIGNAL,LLM_FALLBACK,Hypertension,MEDIUM,>1% to ≤3%,,,
carvedilol,SAFETY_SIGNAL,LLM_FALLBACK,Palpitations,MEDIUM,>1% to ≤3%,,,
carvedilol,SAFETY_SIGNAL,LLM_FALLBACK,Leukopenia,MEDIUM,>0.1% to ≤1%,,,
carvedilol,SAFETY_SIGNAL,LLM_FALLBACK,Vomiting,MEDIUM,6%,,,
carvedilol,SAFETY_SIGNAL,LLM_FALLBACK,Weight increased,MEDIUM,10%,,,
carvedilol,SAFETY_SIGNAL,LLM_FALLBACK,Aplastic anaemia,CRITICAL,,,,
carvedilol,SAFETY_SIGNAL,LLM_FALLBACK,Anaphylactic reaction,CRITICAL,,,,
carvedilol,SAFETY_SIGNAL,LLM_FALLBACK,Nausea,MEDIUM,9%,,,
carvedilol,SAFETY_SIGNAL,LLM_FALLBACK,Angioedema,HIGH,,,,
carvedilol,SAFETY_SIGNAL,LLM_FALLBACK,Hypokalaemia,MEDIUM,>0.1% to ≤1%,,,
carvedilol,SAFETY_SIGNAL,LLM_FALLBACK,Sweating increased,MEDIUM,>0.1% to ≤1%,,,
carvedilol,SAFETY_SIGNAL,LLM_FALLBACK,Oedema peripheral,MEDIUM,2%,,,
carvedilol,SAFETY_SIGNAL,LLM_FALLBACK,Urticaria,MEDIUM,,,,
carvedilol,SAFETY_SIGNAL,LLM_FALLBACK,Urinary incontinence,MEDIUM,,,,
carvedilol,SAFETY_SIGNAL,LLM_FALLBACK,Interstitial pneumonitis,HIGH,,,,
carvedilol,SAFETY_SIGNAL,LLM_FALLBACK,Diarrhoea,MEDIUM,12%,,,
carvedilol,SAFETY_SIGNAL,LLM_FALLBACK,Dry mouth,MEDIUM,>0.1% to ≤1%,,,
carvedilol,SAFETY_SIGNAL,LLM_FALLBACK,Arthralgia,MEDIUM,6%,,,
carvedilol,SAFETY_SIGNAL,LLM_FALLBACK,Stevens-Johnson syndrome,CRITICAL,,,,
carvedilol,SAFETY_SIGNAL,LLM_FALLBACK,Toxic epidermal necrolysis,CRITICAL,,,,
carvedilol,SAFETY_SIGNAL,LLM_FALLBACK,Erythema multiforme,HIGH,,,,
carvedilol,SAFETY_SIGNAL,LLM_FALLBACK,Tinnitus,MEDIUM,>0.1% to ≤1%,,,
carvedilol,SAFETY_SIGNAL,LLM_FALLBACK,Pruritus,MEDIUM,>0.1% to ≤1%,,,
carvedilol,SAFETY_SIGNAL,LLM_FALLBACK,Vision blurred,MEDIUM,5%,,,
carvedilol,SAFETY_SIGNAL,LLM_FALLBACK,Headache,MEDIUM,8%,,,
carvedilol,SAFETY_SIGNAL,LLM_FALLBACK,Libido decreased,MEDIUM,>0.1% to ≤1%,,,
carvedilol,SAFETY_SIGNAL,LLM_FALLBACK,Asthma,HIGH,>0.1% to ≤1%,,,
carvedilol,SAFETY_SIGNAL,LLM_FALLBACK,Allergy to drug,MEDIUM,>1% to ≤3%,,,
carvedilol,SAFETY_SIGNAL,LLM_FALLBACK,Angina pectoris,HIGH,2%,,,
carvedilol,SAFETY_SIGNAL,LLM_FALLBACK,Sleep disorder,MEDIUM,>0.1% to ≤1%,,,
carvedilol,SAFETY_SIGNAL,LLM_FALLBACK,Nervousness,MEDIUM,>0.1% to ≤1%,,,
carvedilol,SAFETY_SIGNAL,LLM_FALLBACK,Malaise,MEDIUM,>1% to ≤3%,,,
carvedilol,SAFETY_SIGNAL,LLM_FALLBACK,Syncope,HIGH,3%,,,
carvedilol,SAFETY_SIGNAL,LLM_FALLBACK,Hypotension,MEDIUM,9%,,,
carvedilol,SAFETY_SIGNAL,LLM_FALLBACK,Hypertriglyceridaemia,MEDIUM,1%,,,
carvedilol,SAFETY_SIGNAL,LLM_FALLBACK,Insomnia,MEDIUM,2%,,,
carvedilol,SAFETY_SIGNAL,LLM_FALLBACK,Hypovolaemia,MEDIUM,>1% to ≤3%,,,
carvedilol,SAFETY_SIGNAL,LLM_FALLBACK,Bradycardia,MEDIUM,9%,,,
carvedilol,SAFETY_SIGNAL,LLM_FALLBACK,Fever,MEDIUM,>1% to ≤3%,,,
carvedilol,SAFETY_SIGNAL,LLM_FALLBACK,Edema generalised,MEDIUM,5%,,,
carvedilol,SAFETY_SIGNAL,LLM_FALLBACK,Fatigue,MEDIUM,24%,,,
carvedilol,SAFETY_SIGNAL,LLM_FALLBACK,Orthostatic hypotension,MEDIUM,>1% to ≤3%,,,
carvedilol,SAFETY_SIGNAL,STRUCTURED_PARSE,Mortality,MEDIUM,,,,
carvedilol,SAFETY_SIGNAL,STRUCTURED_PARSE,"Musculoskeletal
                                      Arthralgia",MEDIUM,,,,
carvedilol,SAFETY_SIGNAL,STRUCTURED_PARSE,Peripheral edema,MEDIUM,,,,
carvedilol,SAFETY_SIGNAL,STRUCTURED_PARSE,Cardiovascular death,CRITICAL,,,,
carvedilol,SAFETY_SIGNAL,STRUCTURED_PARSE,"Central Nervous System
                                      Dizziness 
       Headache",MEDIUM,,,,
carvedilol,SAFETY_SIGNAL,STRUCTURED_PARSE,"Gastrointestinal
                                      Diarrhea 
       Nausea 
       Vomiting",MEDIUM,,,,
carvedilol,SAFETY_SIGNAL,STRUCTURED_PARSE,Mortality + HF hospitalization,MEDIUM,,,,
carvedilol,SAFETY_SIGNAL,STRUCTURED_PARSE,Central Nervous System,MEDIUM,,,,
carvedilol,SAFETY_SIGNAL,STRUCTURED_PARSE,Hematologic,MEDIUM,,,,
carvedilol,SAFETY_SIGNAL,STRUCTURED_PARSE,Dizziness,MEDIUM,,,,
carvedilol,SAFETY_SIGNAL,STRUCTURED_PARSE,Thrombocytopenia,MEDIUM,,,,
carvedilol,SAFETY_SIGNAL,STRUCTURED_PARSE,Metabolic,MEDIUM,,,,
carvedilol,SAFETY_SIGNAL,STRUCTURED_PARSE,Insomnia,MEDIUM,,,,
carvedilol,SAFETY_SIGNAL,STRUCTURED_PARSE,"Sudden death 
       Death due to circulatory failure 
       Death due to stroke",CRITICAL,,,,
carvedilol,SAFETY_SIGNAL,STRUCTURED_PARSE,Gastrointestinal,MEDIUM,,,,
carvedilol,SAFETY_SIGNAL,STRUCTURED_PARSE,Hypertriglyceridemia,MEDIUM,,,,
carvedilol,SAFETY_SIGNAL,STRUCTURED_PARSE,"Vision
                                      Vision abnormal",MEDIUM,,,,
carvedilol,SAFETY_SIGNAL,STRUCTURED_PARSE,Cardiovascular,MEDIUM,,,,
carvedilol,SAFETY_SIGNAL,STRUCTURED_PARSE,End Point,MEDIUM,,,,
carvedilol,SAFETY_SIGNAL,STRUCTURED_PARSE,Diarrhea,MEDIUM,,,,
carvedilol,SAFETY_SIGNAL,STRUCTURED_PARSE,All-cause mortality,MEDIUM,,,,
carvedilol,SAFETY_SIGNAL,STRUCTURED_PARSE,Mortality + all hospitalization,MEDIUM,,,,
carvedilol,SAFETY_SIGNAL,STRUCTURED_PARSE,Mortality + CV hospitalization,MEDIUM,,,,
carvedilol,SAFETY_SIGNAL,STRUCTURED_PARSE,Bradycardia,MEDIUM,,,,
carvedilol,SAFETY_SIGNAL,STRUCTURED_PARSE,Body System/ Adverse Event,MEDIUM,,,,
carvedilol,SAFETY_SIGNAL,STRUCTURED_PARSE,Postural hypotension,MEDIUM,,,,
clopidogrel,INTERACTION,LLM_FALLBACK,,SEVERE,,CYP2C19 Inhibitors,Reduced plasma concentrations of the active metabolite of clopidogrel and a reduction in platelet inhibition,Avoid concomitant use
clopidogrel,INTERACTION,LLM_FALLBACK,,MODERATE,,NSAIDs,Increases the risk of gastrointestinal bleeding,
clopidogrel,INTERACTION,LLM_FALLBACK,,SEVERE,,Omeprazole,"Decreased exposure to the active metabolite of clopidogrel by 46% (Day 1) and 42% (Day 5), diminished mean inhibition of platelet aggregation by 47% (24 hours) and 30% (Day 5)",Avoid concomitant use
clopidogrel,INTERACTION,LLM_FALLBACK,,MODERATE,,Warfarin,Increases the risk of bleeding,
clopidogrel,SAFETY_SIGNAL,LLM_FALLBACK,Skin haemorrhage,MEDIUM,,,,
clopidogrel,SAFETY_SIGNAL,LLM_FALLBACK,Bleeding,HIGH,,,,
clopidogrel,SAFETY_SIGNAL,LLM_FALLBACK,Thrombotic thrombocytopenic purpura,HIGH,,,,
clopidogrel,SAFETY_SIGNAL,LLM_FALLBACK,Gastrointestinal haemorrhage,HIGH,,,,
clopidogrel,SAFETY_SIGNAL,LLM_FALLBACK,Intracranial haemorrhage,HIGH,0.1%,,,
clopidogrel,SAFETY_SIGNAL,LLM_FALLBACK,Bleeding fatal,CRITICAL,0.2%,,,
clopidogrel,SAFETY_SIGNAL,LLM_FALLBACK,Epistaxis,MEDIUM,,,,
clopidogrel,SAFETY_SIGNAL,LLM_FALLBACK,Haematuria,MEDIUM,,,,
clopidogrel,SAFETY_SIGNAL,LLM_FALLBACK,Contusion,LOW,,,,
clopidogrel,SAFETY_SIGNAL,LLM_FALLBACK,Pruritus,MEDIUM,,,,
clopidogrel,SAFETY_SIGNAL,LLM_FALLBACK,Agranulocytosis,HIGH,,,,
clopidogrel,SAFETY_SIGNAL,LLM_FALLBACK,Aplastic anaemia,HIGH,,,,
clopidogrel,SAFETY_SIGNAL,LLM_FALLBACK,Pancytopenia,HIGH,,,,
clopidogrel,SAFETY_SIGNAL,LLM_FALLBACK,Retroperitoneal haemorrhage,CRITICAL,,,,
clopidogrel,SAFETY_SIGNAL,LLM_FALLBACK,Colitis,MEDIUM,,,,
clopidogrel,SAFETY_SIGNAL,LLM_FALLBACK,Pancreatitis,HIGH,,,,
clopidogrel,SAFETY_SIGNAL,LLM_FALLBACK,Stomatitis,MEDIUM,,,,
clopidogrel,SAFETY_SIGNAL,LLM_FALLBACK,Pyrexia,MEDIUM,,,,
clopidogrel,SAFETY_SIGNAL,LLM_FALLBACK,Postoperative haemorrhage,HIGH,,,,
clopidogrel,SAFETY_SIGNAL,LLM_FALLBACK,Acute hepatic failure,HIGH,,,,
clopidogrel,SAFETY_SIGNAL,LLM_FALLBACK,Hepatitis,HIGH,,,,
clopidogrel,SAFETY_SIGNAL,LLM_FALLBACK,Liver function test abnormal,MEDIUM,,,,
clopidogrel,SAFETY_SIGNAL,LLM_FALLBACK,Hypersensitivity,MEDIUM,,,,
clopidogrel,SAFETY_SIGNAL,LLM_FALLBACK,Anaphylactoid reaction,HIGH,,,,
clopidogrel,SAFETY_SIGNAL,LLM_FALLBACK,Serum sickness,MEDIUM,,,,
clopidogrel,SAFETY_SIGNAL,LLM_FALLBACK,Musculoskeletal haemorrhage,MEDIUM,,,,
clopidogrel,SAFETY_SIGNAL,LLM_FALLBACK,Myalgia,MEDIUM,,,,
clopidogrel,SAFETY_SIGNAL,LLM_FALLBACK,Arthralgia,MEDIUM,,,,
clopidogrel,SAFETY_SIGNAL,LLM_FALLBACK,Arthritis,MEDIUM,,,,
clopidogrel,SAFETY_SIGNAL,LLM_FALLBACK,Taste disorder,MEDIUM,,,,
clopidogrel,SAFETY_SIGNAL,LLM_FALLBACK,Eye haemorrhage,MEDIUM,,,,
clopidogrel,SAFETY_SIGNAL,LLM_FALLBACK,Confusional state,MEDIUM,,,,
clopidogrel,SAFETY_SIGNAL,LLM_FALLBACK,Hallucination,MEDIUM,,,,
clopidogrel,SAFETY_SIGNAL,LLM_FALLBACK,Bronchospasm,MEDIUM,,,,
clopidogrel,SAFETY_SIGNAL,LLM_FALLBACK,Interstitial lung disease,HIGH,,,,
clopidogrel,SAFETY_SIGNAL,LLM_FALLBACK,Respiratory tract haemorrhage,MEDIUM,,,,
clopidogrel,SAFETY_SIGNAL,LLM_FALLBACK,Glomerulopathy,HIGH,,,,
clopidogrel,SAFETY_SIGNAL,LLM_FALLBACK,Blood creatinine increased,MEDIUM,,,,
clopidogrel,SAFETY_SIGNAL,LLM_FALLBACK,Rash maculopapular,MEDIUM,,,,
clopidogrel,SAFETY_SIGNAL,LLM_FALLBACK,Urticaria,MEDIUM,,,,
clopidogrel,SAFETY_SIGNAL,LLM_FALLBACK,Bullous dermatitis,MEDIUM,,,,
clopidogrel,SAFETY_SIGNAL,LLM_FALLBACK,Eczema,MEDIUM,,,,
clopidogrel,SAFETY_SIGNAL,LLM_FALLBACK,Toxic epidermal necrolysis,HIGH,,,,
clopidogrel,SAFETY_SIGNAL,LLM_FALLBACK,Stevens-Johnson syndrome,HIGH,,,,
clopidogrel,SAFETY_SIGNAL,LLM_FALLBACK,Angioedema,HIGH,,,,
clopidogrel,SAFETY_SIGNAL,LLM_FALLBACK,Erythema multiforme,MEDIUM,,,,
clopidogrel,SAFETY_SIGNAL,LLM_FALLBACK,Lichen planus,MEDIUM,,,,
clopidogrel,SAFETY_SIGNAL,LLM_FALLBACK,Vasculitis,HIGH,,,,
clopidogrel,SAFETY_SIGNAL,LLM_FALLBACK,Hypotension,MEDIUM,,,,
clopidogrel,SAFETY_SIGNAL,STRUCTURED_PARSE,Any noncerebral bleeding,MEDIUM,,,,
clopidogrel,SAFETY_SIGNAL,STRUCTURED_PARSE,MI (fatal or not),CRITICAL,,,,
clopidogrel,SAFETY_SIGNAL,STRUCTURED_PARSE,Ischemic stroke (fatal or not),CRITICAL,,,,
clopidogrel,SAFETY_SIGNAL,STRUCTURED_PARSE,Intraocular bleeding with significant loss of vision,MEDIUM,,,,
clopidogrel,SAFETY_SIGNAL,STRUCTURED_PARSE,Requiring 2–3 units of blood,MEDIUM,,,,
clopidogrel,SAFETY_SIGNAL,STRUCTURED_PARSE,Hemorrhagic stroke,MEDIUM,,,,
clopidogrel,SAFETY_SIGNAL,STRUCTURED_PARSE,Non-fatal Stroke,CRITICAL,,,,
clopidogrel,SAFETY_SIGNAL,STRUCTURED_PARSE,Requiring inotropes,MEDIUM,,,,
clopidogrel,SAFETY_SIGNAL,STRUCTURED_PARSE,Hemorrhagic strokes,MEDIUM,,,,
clopidogrel,SAFETY_SIGNAL,STRUCTURED_PARSE,Non-fatal MINon-fatal MI and non-fatal stroke exclude patients who died (of any cause),CRITICAL,,,,
clopidogrel,SAFETY_SIGNAL,STRUCTURED_PARSE,Requiring transfusion (≥4 units),MEDIUM,,,,
clopidogrel,SAFETY_SIGNAL,STRUCTURED_PARSE,Other major bleeding,MEDIUM,,,,
clopidogrel,SAFETY_SIGNAL,STRUCTURED_PARSE,Significantly disabling,MEDIUM,,,,
clopidogrel,SAFETY_SIGNAL,STRUCTURED_PARSE,Death,CRITICAL,,,,
clopidogrel,SAFETY_SIGNAL,STRUCTURED_PARSE,Stroke,MEDIUM,,,,
clopidogrel,SAFETY_SIGNAL,STRUCTURED_PARSE,CV death,CRITICAL,,,,
clopidogrel,SAFETY_SIGNAL,STRUCTURED_PARSE,Requiring surgical intervention,MEDIUM,,,,
clopidogrel,SAFETY_SIGNAL,STRUCTURED_PARSE,Fatal,CRITICAL,,,,
clopidogrel,SAFETY_SIGNAL,STRUCTURED_PARSE,Life-threatening bleeding,CRITICAL,,,,
clopidogrel,SAFETY_SIGNAL,STRUCTURED_PARSE,Other vascular death,CRITICAL,,,,
clopidogrel,SAFETY_SIGNAL,STRUCTURED_PARSE,Other noncerebral bleeding (non-major),MEDIUM,,,,
furosemide,SAFETY_SIGNAL,STRUCTURED_PARSE,2. pancreatitis,MEDIUM,,,,
furosemide,SAFETY_SIGNAL,STRUCTURED_PARSE,4. hemolytic anemia,MEDIUM,,,,
furosemide,SAFETY_SIGNAL,STRUCTURED_PARSE,3. agranulocytosis,MEDIUM,,,,
furosemide,SAFETY_SIGNAL,STRUCTURED_PARSE,2. thrombocytopenia,MEDIUM,,,,
furosemide,SAFETY_SIGNAL,STRUCTURED_PARSE,1. aplastic anemia,MEDIUM,,,,
furosemide,SAFETY_SIGNAL,STRUCTURED_PARSE,4. dizziness,MEDIUM,,,,
furosemide,SAFETY_SIGNAL,STRUCTURED_PARSE,2. paresthesias,MEDIUM,,,,
furosemide,SAFETY_SIGNAL,STRUCTURED_PARSE,5. headache,MEDIUM,,,,
furosemide,SAFETY_SIGNAL,STRUCTURED_PARSE,2. systemic vasculitis,MEDIUM,,,,
furosemide,SAFETY_SIGNAL,STRUCTURED_PARSE,3. interstitial nephritis,HIGH,,,,
furosemide,SAFETY_SIGNAL,STRUCTURED_PARSE,11. vomiting,MEDIUM,,,,
furosemide,SAFETY_SIGNAL,STRUCTURED_PARSE,10. nausea,MEDIUM,,,,
furosemide,SAFETY_SIGNAL,STRUCTURED_PARSE,9. constipation,MEDIUM,,,,
furosemide,SAFETY_SIGNAL,STRUCTURED_PARSE,8. diarrhea,MEDIUM,,,,
furosemide,SAFETY_SIGNAL,STRUCTURED_PARSE,"1.hepatic encephalopathy in patients 
       with hepatocellular insufficiency",MEDIUM,,,,
gabapentin,SAFETY_SIGNAL,LLM_FALLBACK,White blood cell count decreased,MEDIUM,,,,
gabapentin,SAFETY_SIGNAL,LLM_FALLBACK,Bronchitis,MEDIUM,,,,
gabapentin,SAFETY_SIGNAL,LLM_FALLBACK,Respiratory tract infection,MEDIUM,,,,
gabapentin,SAFETY_SIGNAL,LLM_FALLBACK,Hostility,MEDIUM,,,,
gabapentin,SAFETY_SIGNAL,LLM_FALLBACK,Emotional lability,MEDIUM,,,,
gabapentin,SAFETY_SIGNAL,LLM_FALLBACK,Conjunctivitis,MEDIUM,,,,
gabapentin,SAFETY_SIGNAL,LLM_FALLBACK,Hypoaesthesia,MEDIUM,,,,
gabapentin,SAFETY_SIGNAL,LLM_FALLBACK,Thinking abnormal,MEDIUM,,,,
gabapentin,SAFETY_SIGNAL,LLM_FALLBACK,Abnormal gait,MEDIUM,,,,
gabapentin,SAFETY_SIGNAL,LLM_FALLBACK,Hyperglycaemia,MEDIUM,,,,
gabapentin,SAFETY_SIGNAL,LLM_FALLBACK,Hyperkinesia,MEDIUM,,,,
gabapentin,SAFETY_SIGNAL,LLM_FALLBACK,Back pain,MEDIUM,,,,
gabapentin,SAFETY_SIGNAL,LLM_FALLBACK,Vasodilatation,MEDIUM,,,,
gabapentin,SAFETY_SIGNAL,LLM_FALLBACK,Vomiting,MEDIUM,,,,
gabapentin,SAFETY_SIGNAL,LLM_FALLBACK,Constipation,MEDIUM,,,,
gabapentin,SAFETY_SIGNAL,LLM_FALLBACK,Dry mouth,MEDIUM,,,,
gabapentin,SAFETY_SIGNAL,LLM_FALLBACK,Dyspepsia,MEDIUM,,,,
gabapentin,SAFETY_SIGNAL,LLM_FALLBACK,Incoordination,MEDIUM,,,,
gabapentin,SAFETY_SIGNAL,LLM_FALLBACK,Diplopia,MEDIUM,,,,
gabapentin,SAFETY_SIGNAL,LLM_FALLBACK,Ataxia,MEDIUM,,,,
gabapentin,SAFETY_SIGNAL,LLM_FALLBACK,Otitis media,MEDIUM,,,,
gabapentin,SAFETY_SIGNAL,LLM_FALLBACK,Diarrhoea,MEDIUM,,,,
gabapentin,SAFETY_SIGNAL,LLM_FALLBACK,Abdominal pain,MEDIUM,,,,
gabapentin,SAFETY_SIGNAL,LLM_FALLBACK,Dental disorder,MEDIUM,,,,
gabapentin,SAFETY_SIGNAL,LLM_FALLBACK,Appetite increased,MEDIUM,,,,
gabapentin,SAFETY_SIGNAL,LLM_FALLBACK,Leukopenia,MEDIUM,,,,
gabapentin,SAFETY_SIGNAL,LLM_FALLBACK,Myalgia,MEDIUM,,,,
gabapentin,SAFETY_SIGNAL,LLM_FALLBACK,Fatigue,MEDIUM,,,,
gabapentin,SAFETY_SIGNAL,LLM_FALLBACK,Accidental injury,MEDIUM,,,,
gabapentin,SAFETY_SIGNAL,LLM_FALLBACK,Headache,MEDIUM,,,,
gabapentin,SAFETY_SIGNAL,LLM_FALLBACK,Nystagmus,MEDIUM,,,,
gabapentin,SAFETY_SIGNAL,LLM_FALLBACK,Amnesia,MEDIUM,,,,
gabapentin,SAFETY_SIGNAL,LLM_FALLBACK,Pharyngitis,MEDIUM,,,,
gabapentin,SAFETY_SIGNAL,LLM_FALLBACK,Weight increased,MEDIUM,,,,
gabapentin,SAFETY_SIGNAL,LLM_FALLBACK,Fracture,MEDIUM,,,,
gabapentin,SAFETY_SIGNAL,LLM_FALLBACK,Infection,MEDIUM,,,,
gabapentin,SAFETY_SIGNAL,LLM_FALLBACK,Asthenia,MEDIUM,,,,
gabapentin,SAFETY_SIGNAL,LLM_FALLBACK,Tremor,MEDIUM,,,,
gabapentin,SAFETY_SIGNAL,LLM_FALLBACK,Nervousness,MEDIUM,,,,
gabapentin,SAFETY_SIGNAL,LLM_FALLBACK,Dysarthria,MEDIUM,,,,
gabapentin,SAFETY_SIGNAL,LLM_FALLBACK,Depression,MEDIUM,,,,
gabapentin,SAFETY_SIGNAL,LLM_FALLBACK,Muscle twitching,MEDIUM,,,,
gabapentin,SAFETY_SIGNAL,LLM_FALLBACK,Nausea,MEDIUM,,,,
gabapentin,SAFETY_SIGNAL,LLM_FALLBACK,Peripheral edema,MEDIUM,,,,
gabapentin,SAFETY_SIGNAL,LLM_FALLBACK,Somnolence,MEDIUM,,,,
gabapentin,SAFETY_SIGNAL,LLM_FALLBACK,Dizziness,MEDIUM,,,,
gabapentin,SAFETY_SIGNAL,LLM_FALLBACK,Coordination abnormal,MEDIUM,,,,
gabapentin,SAFETY_SIGNAL,LLM_FALLBACK,Abrasion,MEDIUM,,,,
gabapentin,SAFETY_SIGNAL,LLM_FALLBACK,Pruritus,MEDIUM,,,,
gabapentin,SAFETY_SIGNAL,LLM_FALLBACK,Impotence,MEDIUM,,,,
gabapentin,SAFETY_SIGNAL,LLM_FALLBACK,Rash,MEDIUM,,,,
gabapentin,SAFETY_SIGNAL,LLM_FALLBACK,Amblyopia,MEDIUM,,,,
gabapentin,SAFETY_SIGNAL,LLM_FALLBACK,Viral infection,MEDIUM,,,,
gabapentin,SAFETY_SIGNAL,LLM_FALLBACK,Fever,MEDIUM,,,,
gabapentin,SAFETY_SIGNAL,LLM_FALLBACK,Flatulence,MEDIUM,,,,
gabapentin,SAFETY_SIGNAL,STRUCTURED_PARSE,Dental Abnormalities,MEDIUM,,,,
gabapentin,SAFETY_SIGNAL,STRUCTURED_PARSE,Tremor,MEDIUM,,,,
gabapentin,SAFETY_SIGNAL,STRUCTURED_PARSE,Nervousness,MEDIUM,,,,
gabapentin,SAFETY_SIGNAL,STRUCTURED_PARSE,Weight gain,MEDIUM,,,,
gabapentin,SAFETY_SIGNAL,STRUCTURED_PARSE,Hyperglycemia,MEDIUM,,,,
gabapentin,SAFETY_SIGNAL,STRUCTURED_PARSE,Nervous System,MEDIUM,,,,
gabapentin,SAFETY_SIGNAL,STRUCTURED_PARSE,Dizziness,MEDIUM,,,,
gabapentin,SAFETY_SIGNAL,STRUCTURED_PARSE,Somnolence,MEDIUM,,,,
gabapentin,SAFETY_SIGNAL,STRUCTURED_PARSE,Ataxia,MEDIUM,,,,
gabapentin,SAFETY_SIGNAL,STRUCTURED_PARSE,Thinking abnormal,MEDIUM,,,,
gabapentin,SAFETY_SIGNAL,STRUCTURED_PARSE,Abnormal gait,MEDIUM,,,,
gabapentin,SAFETY_SIGNAL,STRUCTURED_PARSE,Incoordination,MEDIUM,,,,
gabapentin,SAFETY_SIGNAL,STRUCTURED_PARSE,Amnesia,MEDIUM,,,,
gabapentin,SAFETY_SIGNAL,STRUCTURED_PARSE,Hypesthesia,MEDIUM,,,,
gabapentin,SAFETY_SIGNAL,STRUCTURED_PARSE,Respiratory System,MEDIUM,,,,
gabapentin,SAFETY_SIGNAL,STRUCTURED_PARSE,Pharyngitis,MEDIUM,,,,
gabapentin,SAFETY_SIGNAL,STRUCTURED_PARSE,Skin and Appendages,MEDIUM,,,,
gabapentin,SAFETY_SIGNAL,STRUCTURED_PARSE,Rash,MEDIUM,,,,
gabapentin,SAFETY_SIGNAL,STRUCTURED_PARSE,Special Senses,MEDIUM,,,,
gabapentin,SAFETY_SIGNAL,STRUCTURED_PARSE,AmblyopiaReported as blurred vision,MEDIUM,,,,
gabapentin,SAFETY_SIGNAL,STRUCTURED_PARSE,Conjunctivitis,MEDIUM,,,,
gabapentin,SAFETY_SIGNAL,STRUCTURED_PARSE,Diplopia,MEDIUM,,,,
gabapentin,SAFETY_SIGNAL,STRUCTURED_PARSE,Otitis media,MEDIUM,,,,
gabapentin,SAFETY_SIGNAL,STRUCTURED_PARSE,Fatigue,MEDIUM,,,,
gabapentin,SAFETY_SIGNAL,STRUCTURED_PARSE,Weight Increase,MEDIUM,,,,
gabapentin,SAFETY_SIGNAL,STRUCTURED_PARSE,Back Pain,MEDIUM,,,,
gabapentin,SAFETY_SIGNAL,STRUCTURED_PARSE,Cardiovascular,MEDIUM,,,,
gabapentin,SAFETY_SIGNAL,STRUCTURED_PARSE,Vasodilatation,MEDIUM,,,,
gabapentin,SAFETY_SIGNAL,STRUCTURED_PARSE,Dyspepsia,MEDIUM,,,,
gabapentin,SAFETY_SIGNAL,STRUCTURED_PARSE,Mouth or Throat Dry,MEDIUM,,,,
gabapentin,SAFETY_SIGNAL,STRUCTURED_PARSE,Nystagmus,MEDIUM,,,,
gabapentin,SAFETY_SIGNAL,STRUCTURED_PARSE,Body as a Whole,MEDIUM,,,,
gabapentin,SAFETY_SIGNAL,STRUCTURED_PARSE,Asthenia,MEDIUM,,,,
gabapentin,SAFETY_SIGNAL,STRUCTURED_PARSE,Infection,MEDIUM,,,,
gabapentin,SAFETY_SIGNAL,STRUCTURED_PARSE,Headache,MEDIUM,,,,
gabapentin,SAFETY_SIGNAL,STRUCTURED_PARSE,Accidental injury,MEDIUM,,,,
gabapentin,SAFETY_SIGNAL,STRUCTURED_PARSE,Increased Appetite,MEDIUM,,,,
gabapentin,SAFETY_SIGNAL,STRUCTURED_PARSE,Hematologic and Lymphatic Systems,MEDIUM,,,,
gabapentin,SAFETY_SIGNAL,STRUCTURED_PARSE,Leukopenia,MEDIUM,,,,
gabapentin,SAFETY_SIGNAL,STRUCTURED_PARSE,Musculoskeletal System,MEDIUM,,,,
gabapentin,SAFETY_SIGNAL,STRUCTURED_PARSE,Myalgia,MEDIUM,,,,
gabapentin,SAFETY_SIGNAL,STRUCTURED_PARSE,Dysarthria,MEDIUM,,,,
gabapentin,SAFETY_SIGNAL,STRUCTURED_PARSE,Depression,MEDIUM,,,,
gabapentin,SAFETY_SIGNAL,STRUCTURED_PARSE,Twitching,MEDIUM,,,,
gabapentin,SAFETY_SIGNAL,STRUCTURED_PARSE,Coordination Abnormal,MEDIUM,,,,
gabapentin,SAFETY_SIGNAL,STRUCTURED_PARSE,Rhinitis,MEDIUM,,,,
gabapentin,SAFETY_SIGNAL,STRUCTURED_PARSE,Coughing,MEDIUM,,,,
gabapentin,SAFETY_SIGNAL,STRUCTURED_PARSE,Abrasion,MEDIUM,,,,
gabapentin,SAFETY_SIGNAL,STRUCTURED_PARSE,Pruritus,MEDIUM,,,,
gabapentin,SAFETY_SIGNAL,STRUCTURED_PARSE,Urogenital System,MEDIUM,,,,
gabapentin,SAFETY_SIGNAL,STRUCTURED_PARSE,Impotence,MEDIUM,,,,
gabapentin,SAFETY_SIGNAL,STRUCTURED_PARSE,AmblyopiaAmblyopia was often described as blurred vision,MEDIUM,,,,
gabapentin,SAFETY_SIGNAL,STRUCTURED_PARSE,Laboratory Deviations,MEDIUM,,,,
gabapentin,SAFETY_SIGNAL,STRUCTURED_PARSE,WBC Decreased,MEDIUM,,,,
gabapentin,SAFETY_SIGNAL,STRUCTURED_PARSE,Viral Infection,MEDIUM,,,,
gabapentin,SAFETY_SIGNAL,STRUCTURED_PARSE,Fever,MEDIUM,,,,
gabapentin,SAFETY_SIGNAL,STRUCTURED_PARSE,Nausea and/or Vomiting,MEDIUM,,,,
gabapentin,SAFETY_SIGNAL,STRUCTURED_PARSE,Hostility,MEDIUM,,,,
gabapentin,SAFETY_SIGNAL,STRUCTURED_PARSE,Emotional Lability,MEDIUM,,,,
gabapentin,SAFETY_SIGNAL,STRUCTURED_PARSE,Hyperkinesia,MEDIUM,,,,
gabapentin,SAFETY_SIGNAL,STRUCTURED_PARSE,Bronchitis,MEDIUM,,,,
gabapentin,SAFETY_SIGNAL,STRUCTURED_PARSE,Respiratory Infection,MEDIUM,,,,
gabapentin,SAFETY_SIGNAL,STRUCTURED_PARSE,Epilepsy,MEDIUM,,,,
gabapentin,SAFETY_SIGNAL,STRUCTURED_PARSE,Psychiatric,MEDIUM,,,,
gabapentin,SAFETY_SIGNAL,STRUCTURED_PARSE,Other,MEDIUM,,,,
gabapentin,SAFETY_SIGNAL,STRUCTURED_PARSE,Abdominal pain,MEDIUM,,,,
gabapentin,SAFETY_SIGNAL,STRUCTURED_PARSE,Digestive System,MEDIUM,,,,
gabapentin,SAFETY_SIGNAL,STRUCTURED_PARSE,Diarrhea,MEDIUM,,,,
gabapentin,SAFETY_SIGNAL,STRUCTURED_PARSE,Dry mouth,MEDIUM,,,,
gabapentin,SAFETY_SIGNAL,STRUCTURED_PARSE,Constipation,MEDIUM,,,,
gabapentin,SAFETY_SIGNAL,STRUCTURED_PARSE,Nausea,MEDIUM,,,,
gabapentin,SAFETY_SIGNAL,STRUCTURED_PARSE,Vomiting,MEDIUM,,,,
gabapentin,SAFETY_SIGNAL,STRUCTURED_PARSE,Flatulence,MEDIUM,,,,
gabapentin,SAFETY_SIGNAL,STRUCTURED_PARSE,Metabolic and Nutritional Disorders,MEDIUM,,,,
gabapentin,SAFETY_SIGNAL,STRUCTURED_PARSE,Peripheral edema,MEDIUM,,,,
gabapentin,SAFETY_SIGNAL,STRUCTURED_PARSE,Fracture,MEDIUM,,,,
levothyroxine,INTERACTION,LLM_FALLBACK,,MODERATE,,Oral Hypoglycemics,Increases in oral hypoglycemic requirements,Patients should be closely watched during initiation of thyroid replacement therapy
levothyroxine,INTERACTION,LLM_FALLBACK,,MODERATE,,Oral Anticoagulants,Enhanced anticoagulant effect requiring reduction in anticoagulant dosage,Patients should be watched very closely when thyroid is started; reduction in anticoagulant dosage will likely be required
levothyroxine,INTERACTION,LLM_FALLBACK,,MODERATE,,Estrogen,"Decreased free levothyroxine, increasing thyroid requirements in patients without functioning thyroid gland",Patients without a functioning thyroid gland may need to increase their thyroid dose
levothyroxine,INTERACTION,LLM_FALLBACK,,MODERATE,,Oral Contraceptives,"Decreased free levothyroxine, increasing thyroid requirements in patients without functioning thyroid gland",Patients without a functioning thyroid gland may need to increase their thyroid dose
levothyroxine,INTERACTION,LLM_FALLBACK,,MODERATE,,Colestipol,Impaired absorption of thyroid hormones,Four to five hours should elapse between administration of colestipol and thyroid hormones
levothyroxine,INTERACTION,LLM_FALLBACK,,MODERATE,,Cholestyramine,Impaired absorption of thyroid hormones,Four to five hours should elapse between administration of cholestyramine and thyroid hormones
levothyroxine,INTERACTION,LLM_FALLBACK,,MODERATE,,Insulin,Increases in insulin requirements,Patients should be closely watched during initiation of thyroid replacement therapy
lisinopril,INTERACTION,LLM_FALLBACK,,MODERATE,,Potassium supplements,Significant increases in serum potassium,Use with caution and with frequent monitoring of serum potassium
lisinopril,INTERACTION,LLM_FALLBACK,,MODERATE,,Lithium,Lithium toxicity,Monitor serum lithium levels frequently
lisinopril,INTERACTION,LLM_FALLBACK,,MODERATE,,Potassium-containing salt substitutes,Significant increases in serum potassium,Use with caution and with frequent monitoring of serum potassium
lisinopril,INTERACTION,LLM_FALLBACK,,MODERATE,,mTOR inhibitors,Increased risk for angioedema,
lisinopril,INTERACTION,LLM_FALLBACK,,MODERATE,,Neprilysin inhibitors,Increased risk for angioedema,
lisinopril,INTERACTION,LLM_FALLBACK,,MODERATE,,NSAIDs,"Deterioration of renal function, including possible acute renal failure",Monitor renal function periodically
lisinopril,INTERACTION,LLM_FALLBACK,,CONTRAINDICATED,,Aliskiren,"Increased risk of hypotension, syncope, hyperkalemia, and changes in renal function",Do not coadminister aliskiren with lisinopril in patients with diabetes. Avoid use in patients with renal impairment (GFR <60 ml/min)
lisinopril,INTERACTION,LLM_FALLBACK,,SEVERE,,Direct renin inhibitors,"Increased risk of hypotension, syncope, hyperkalemia, and changes in renal function","Avoid combined use of RAS inhibitors. Monitor blood pressure, renal function, and electrolytes"
lisinopril,INTERACTION,LLM_FALLBACK,,MODERATE,,Potassium-sparing diuretics,Significant increases in serum potassium,Use with caution and with frequent monitoring of serum potassium
lisinopril,INTERACTION,LLM_FALLBACK,,SEVERE,,Angiotensin receptor blockers,"Increased risk of hypotension, syncope, hyperkalemia, and changes in renal function","Avoid combined use of RAS inhibitors. Monitor blood pressure, renal function, and electrolytes"
lisinopril,INTERACTION,LLM_FALLBACK,,MODERATE,,Diuretics,Excessive reduction of blood pressure,"Discontinue diuretic or increase salt intake prior to lisinopril initiation, or start lisinopril at 5 mg daily with close medical supervision"
lisinopril,SAFETY_SIGNAL,STRUCTURED_PARSE,Upper Respiratory Infection,MEDIUM,,,,
lisinopril,SAFETY_SIGNAL,STRUCTURED_PARSE,Dizziness,MEDIUM,,,,
lisinopril,SAFETY_SIGNAL,STRUCTURED_PARSE,Cough,MEDIUM,,,,
lisinopril,SAFETY_SIGNAL,STRUCTURED_PARSE,Asthenia,MEDIUM,,,,
lisinopril,SAFETY_SIGNAL,STRUCTURED_PARSE,Fatigue,MEDIUM,,,,
lisinopril,SAFETY_SIGNAL,STRUCTURED_PARSE,Dyspepsia,MEDIUM,,,,
lisinopril,SAFETY_SIGNAL,STRUCTURED_PARSE,Vomiting,MEDIUM,,,,
lisinopril,SAFETY_SIGNAL,STRUCTURED_PARSE,Muscle Cramps,MEDIUM,,,,
lisinopril,SAFETY_SIGNAL,STRUCTURED_PARSE,Orthostatic Effects,MEDIUM,,,,
lisinopril,SAFETY_SIGNAL,STRUCTURED_PARSE,Diarrhea,MEDIUM,,,,
lisinopril,SAFETY_SIGNAL,STRUCTURED_PARSE,Rash,MEDIUM,,,,
lisinopril,SAFETY_SIGNAL,STRUCTURED_PARSE,Impotence,MEDIUM,,,,
lisinopril,SAFETY_SIGNAL,STRUCTURED_PARSE,Nausea,MEDIUM,,,,
lisinopril,SAFETY_SIGNAL,STRUCTURED_PARSE,Hypotension,MEDIUM,,,,
lisinopril,SAFETY_SIGNAL,STRUCTURED_PARSE,Paresthesia,MEDIUM,,,,
lisinopril,SAFETY_SIGNAL,STRUCTURED_PARSE,Headache,MEDIUM,,,,
losartan,INTERACTION,LLM_FALLBACK,,MODERATE,,Agents Increasing Serum Potassium,Hyperkalemia,Monitor serum potassium in such patients
losartan,INTERACTION,LLM_FALLBACK,,CONTRAINDICATED,,Aliskiren,"Increased risks of hypotension, syncope, hyperkalemia, and changes in renal function (including acute renal failure)",Do not coadminister aliskiren with losartan potassium in patients with diabetes. Avoid use of aliskiren with losartan potassium in patients with renal impairment (GFR <60 mL/min)
losartan,INTERACTION,LLM_FALLBACK,,MODERATE,,Lithium,Increases in serum lithium concentrations and lithium toxicity,Monitor serum lithium levels during concomitant use
losartan,INTERACTION,LLM_FALLBACK,,SEVERE,,ACE inhibitors,"Increased risks of hypotension, syncope, hyperkalemia, and changes in renal function (including acute renal failure)","In general, avoid combined use of RAS inhibitors. Closely monitor blood pressure, renal function, and electrolytes"
losartan,INTERACTION,LLM_FALLBACK,,MODERATE,,NSAIDs Including Selective COX-2 Inhibitors,"Deterioration of renal function, including possible acute renal failure",Monitor renal function periodically in patients receiving losartan and NSAID therapy
losartan,SAFETY_SIGNAL,LLM_FALLBACK,Abdominal pain,MEDIUM,,,,
losartan,SAFETY_SIGNAL,LLM_FALLBACK,Nasal congestion,MEDIUM,2%,,,
losartan,SAFETY_SIGNAL,LLM_FALLBACK,Back pain,MEDIUM,2%,,,
losartan,SAFETY_SIGNAL,LLM_FALLBACK,Anaemia,MEDIUM,,,,
losartan,SAFETY_SIGNAL,LLM_FALLBACK,Hepatitis,HIGH,,,,
losartan,SAFETY_SIGNAL,LLM_FALLBACK,Urinary tract infection,MEDIUM,≥4%,,,
losartan,SAFETY_SIGNAL,LLM_FALLBACK,Muscular weakness,MEDIUM,≥4%,,,
losartan,SAFETY_SIGNAL,LLM_FALLBACK,Depression,MEDIUM,,,,
losartan,SAFETY_SIGNAL,LLM_FALLBACK,Hyponatraemia,HIGH,,,,
losartan,SAFETY_SIGNAL,LLM_FALLBACK,Somnolence,MEDIUM,,,,
losartan,SAFETY_SIGNAL,LLM_FALLBACK,Headache,MEDIUM,,,,
losartan,SAFETY_SIGNAL,LLM_FALLBACK,Sleep disorder,MEDIUM,,,,
losartan,SAFETY_SIGNAL,LLM_FALLBACK,Paraesthesia,MEDIUM,,,,
losartan,SAFETY_SIGNAL,LLM_FALLBACK,Migraine,MEDIUM,,,,
losartan,SAFETY_SIGNAL,LLM_FALLBACK,Vertigo,MEDIUM,,,,
losartan,SAFETY_SIGNAL,LLM_FALLBACK,Tinnitus,MEDIUM,,,,
losartan,SAFETY_SIGNAL,LLM_FALLBACK,Hypoglycaemia,HIGH,≥4%,,,
losartan,SAFETY_SIGNAL,LLM_FALLBACK,Hyperkalemia,HIGH,≥4%,,,
losartan,SAFETY_SIGNAL,LLM_FALLBACK,Palpitations,MEDIUM,,,,
losartan,SAFETY_SIGNAL,LLM_FALLBACK,Syncope,HIGH,,,,
losartan,SAFETY_SIGNAL,LLM_FALLBACK,Diarrhoea,MEDIUM,≥4%,,,
losartan,SAFETY_SIGNAL,LLM_FALLBACK,Orthostatic hypotension,MEDIUM,≥4%,,,
losartan,SAFETY_SIGNAL,LLM_FALLBACK,Hypotension,MEDIUM,≥4%,,,
losartan,SAFETY_SIGNAL,LLM_FALLBACK,Chest pain,MEDIUM,≥4%,,,
losartan,SAFETY_SIGNAL,LLM_FALLBACK,Asthenia,MEDIUM,≥4%,,,
losartan,SAFETY_SIGNAL,LLM_FALLBACK,Oedema,MEDIUM,,,,
losartan,SAFETY_SIGNAL,LLM_FALLBACK,Atrial fibrillation,HIGH,,,,
losartan,SAFETY_SIGNAL,LLM_FALLBACK,Cerebrovascular accident,CRITICAL,,,,
losartan,SAFETY_SIGNAL,LLM_FALLBACK,Rhabdomyolysis,CRITICAL,,,,
losartan,SAFETY_SIGNAL,LLM_FALLBACK,Dyspnoea,MEDIUM,,,,
losartan,SAFETY_SIGNAL,LLM_FALLBACK,Erectile dysfunction,MEDIUM,,,,
losartan,SAFETY_SIGNAL,LLM_FALLBACK,Arthralgia,MEDIUM,,,,
losartan,SAFETY_SIGNAL,LLM_FALLBACK,Myalgia,MEDIUM,,,,
losartan,SAFETY_SIGNAL,LLM_FALLBACK,Rash,MEDIUM,,,,
losartan,SAFETY_SIGNAL,LLM_FALLBACK,Pruritus,MEDIUM,,,,
losartan,SAFETY_SIGNAL,LLM_FALLBACK,Urticaria,MEDIUM,,,,
losartan,SAFETY_SIGNAL,LLM_FALLBACK,Vomiting,MEDIUM,,,,
losartan,SAFETY_SIGNAL,LLM_FALLBACK,Nausea,MEDIUM,,,,
losartan,SAFETY_SIGNAL,LLM_FALLBACK,Constipation,MEDIUM,,,,
losartan,SAFETY_SIGNAL,LLM_FALLBACK,Dysgeusia,MEDIUM,,,,
losartan,SAFETY_SIGNAL,LLM_FALLBACK,Erythroderma,HIGH,,,,
losartan,SAFETY_SIGNAL,LLM_FALLBACK,Vasculitis,HIGH,,,,
losartan,SAFETY_SIGNAL,LLM_FALLBACK,Angioedema,HIGH,rarely,,,
losartan,SAFETY_SIGNAL,LLM_FALLBACK,Thrombocytopenia,HIGH,,,,
losartan,SAFETY_SIGNAL,LLM_FALLBACK,Dizziness,MEDIUM,3%,,,
losartan,SAFETY_SIGNAL,LLM_FALLBACK,Upper respiratory tract infection,MEDIUM,8%,,,
losartan,SAFETY_SIGNAL,LLM_FALLBACK,Henoch-Schonlein purpura,HIGH,,,,
losartan,SAFETY_SIGNAL,LLM_FALLBACK,Anaphylactic reaction,CRITICAL,,,,
losartan,SAFETY_SIGNAL,LLM_FALLBACK,Malaise,MEDIUM,,,,
losartan,SAFETY_SIGNAL,STRUCTURED_PARSE,Due to CHD,MEDIUM,,,,
losartan,SAFETY_SIGNAL,STRUCTURED_PARSE,Due to Stroke,MEDIUM,,,,
losartan,SAFETY_SIGNAL,STRUCTURED_PARSE,Risk Reduction,MEDIUM,,,,
losartan,SAFETY_SIGNAL,STRUCTURED_PARSE,Gender,MEDIUM,,,,
losartan,SAFETY_SIGNAL,STRUCTURED_PARSE,Overall Results,MEDIUM,,,,
losartan,SAFETY_SIGNAL,STRUCTURED_PARSE,"Doubling of Serum Creatinine, ESRD and Death Occurring as a First Event",CRITICAL,,,,
losartan,SAFETY_SIGNAL,STRUCTURED_PARSE,Doubling of Serum Creatinine,MEDIUM,,,,
losartan,SAFETY_SIGNAL,STRUCTURED_PARSE,No. of Patients,MEDIUM,,,,
losartan,SAFETY_SIGNAL,STRUCTURED_PARSE,"Overall Incidence of Doubling of Serum Creatinine, ESRD and Death",CRITICAL,,,,
losartan,SAFETY_SIGNAL,STRUCTURED_PARSE,ESRD,MEDIUM,,,,
losartan,SAFETY_SIGNAL,STRUCTURED_PARSE,Death,CRITICAL,,,,
losartan,SAFETY_SIGNAL,STRUCTURED_PARSE,Cardiovascular mortality,MEDIUM,,,,
losartan,SAFETY_SIGNAL,STRUCTURED_PARSE,HCTZ,MEDIUM,,,,
losartan,SAFETY_SIGNAL,STRUCTURED_PARSE,Cough,MEDIUM,,,,
losartan,SAFETY_SIGNAL,STRUCTURED_PARSE,Myocardial infarction (nonfatal),CRITICAL,,,,
losartan,SAFETY_SIGNAL,STRUCTURED_PARSE,Stroke (fatal/nonfatal),CRITICAL,,,,
losartan,SAFETY_SIGNAL,STRUCTURED_PARSE,Myocardial infarction (fatal/nonfatal),CRITICAL,,,,
losartan,SAFETY_SIGNAL,STRUCTURED_PARSE,Race,MEDIUM,,,,
losartan,SAFETY_SIGNAL,STRUCTURED_PARSE,Asian,MEDIUM,,,,
losartan,SAFETY_SIGNAL,STRUCTURED_PARSE,Black,MEDIUM,,,,
losartan,SAFETY_SIGNAL,STRUCTURED_PARSE,Hispanic,MEDIUM,,,,
losartan,SAFETY_SIGNAL,STRUCTURED_PARSE,White,MEDIUM,,,,
losartan,SAFETY_SIGNAL,STRUCTURED_PARSE,Losartan Potassium,MEDIUM,,,,
losartan,SAFETY_SIGNAL,STRUCTURED_PARSE,Components of Primary Composite Endpoint (as a first event),MEDIUM,,,,
losartan,SAFETY_SIGNAL,STRUCTURED_PARSE,Stroke (nonfatal),CRITICAL,,,,
losartan,SAFETY_SIGNAL,STRUCTURED_PARSE,Losartan,MEDIUM,,,,
losartan,SAFETY_SIGNAL,STRUCTURED_PARSE,Male,MEDIUM,,,,
losartan,SAFETY_SIGNAL,STRUCTURED_PARSE,Female,MEDIUM,,,,
